date,open,high,low,close,volume
2022-02-08,100.118384,102.007238,98.558297,100.442107,620956
2022-02-09,100.742686,101.146678,98.748550,99.146140,1022310
2022-02-10,99.368097,100.707871,98.844359,100.179853,1120248
2022-02-11,100.335023,102.786406,99.046604,101.483243,913212
2022-02-14,101.927114,102.858778,98.113955,99.019038,1430039
2022-02-15,99.239237,100.950925,95.760416,97.441090,1313353
2022-02-16,97.693467,98.744724,96.644308,97.695542,921720
2022-02-17,97.913322,98.330617,96.979642,97.394726,388463
2022-02-18,97.510896,98.186446,96.806053,97.481399,649831
2022-02-21,96.872857,96.969856,96.424280,96.520926,1361070
2022-02-22,96.549176,98.835978,95.481004,97.754471,1001302
2022-02-23,97.564175,99.992885,96.466923,98.880826,733011
2022-02-24,98.437895,100.127612,97.423773,99.106601,1103852
2022-02-25,99.689978,102.363730,98.063484,100.720424,1162897
2022-02-28,101.329932,103.198490,99.628189,101.493992,1184974
2022-03-01,101.976826,103.131045,99.394114,100.531980,1080231
2022-03-02,100.621780,101.539142,100.273505,101.188904,1053209
2022-03-03,101.667243,103.138280,98.665886,100.114455,1117001
2022-03-04,100.118679,102.895626,98.694847,101.452821,1223954
2022-03-07,101.524831,102.927352,100.180890,101.582645,1261756
2022-03-08,101.193873,103.158236,99.582267,101.541101,1022937
2022-03-09,101.682189,102.428606,100.113300,100.853635,711984
2022-03-10,100.874950,104.744269,98.853918,102.686934,1272367
2022-03-11,102.218755,103.543068,101.384416,102.704762,1047390
2022-03-14,102.686358,104.226334,100.828520,102.363656,1118435
2022-03-15,102.335091,102.872413,101.594368,102.130616,821308
2022-03-16,102.773167,103.935547,101.922314,103.082136,1226378
2022-03-17,103.404757,105.698167,101.536701,103.822563,1145355
2022-03-18,103.826722,105.784373,102.689155,104.637918,1437764
2022-03-21,104.729032,107.109880,103.120426,105.489593,878390
2022-03-22,105.505916,110.152998,104.139845,108.744987,1348228
2022-03-23,108.667756,109.926147,107.197205,108.453111,849645
2022-03-24,108.042236,109.928157,106.132304,108.017798,844007
2022-03-25,107.960691,109.154020,105.982967,107.167529,850672
2022-03-28,106.887678,108.850913,106.366381,108.322619,586512
2022-03-29,107.848588,111.195104,106.900918,110.226539,1111172
2022-03-30,110.423764,111.992308,108.801855,110.369630,937739
2022-03-31,110.520773,112.021870,107.990738,109.477668,922199
2022-04-01,108.793052,109.416628,107.995338,108.617910,1330635
2022-04-04,108.571270,110.853908,107.582986,109.853948,1069878
2022-04-05,110.236784,112.316352,109.170451,111.240311,1310650
2022-04-06,111.652711,113.537590,110.476101,112.353594,1085945
2022-04-07,112.756992,113.489500,110.984954,111.710665,1100851
2022-04-08,111.725880,113.442696,110.665991,112.376634,1011776
2022-04-11,112.044262,113.903707,111.026277,112.878146,1168325
2022-04-12,112.450006,115.245966,110.753570,113.533189,970785
2022-04-13,113.670124,116.920406,111.938191,115.165685,1208891
2022-04-14,115.318566,117.164696,114.002001,115.842154,1024905
2022-04-15,116.364100,118.437014,115.150208,117.214254,1027433
2022-04-18,117.665520,119.143364,116.185521,117.663337,992385
2022-04-19,117.608882,119.488586,116.581721,118.454044,1358646
2022-04-20,117.938210,120.668491,117.063973,119.780597,1018199
2022-04-21,119.646817,120.632601,116.905209,117.876407,1229483
2022-04-22,117.966029,119.082076,116.615070,117.728873,1087907
2022-04-25,117.645605,118.509842,116.487296,117.349357,1105936
2022-04-26,117.112003,118.593263,115.236560,116.712771,956597
2022-04-27,116.816073,118.558836,114.887231,116.627176,458933
2022-04-28,116.421462,119.925421,115.763494,119.251459,1365764
2022-04-29,118.989316,120.429148,116.815298,118.246137,635497
2022-05-02,118.375036,121.410099,117.058675,120.074836,1395020
2022-05-03,119.905894,121.508560,116.222650,117.797131,1247104
2022-05-04,117.897773,119.306444,116.196249,117.601380,1051928
2022-05-05,117.713832,118.894352,116.985701,118.163440,788333
2022-05-06,117.692204,120.208487,116.874191,119.378752,782852
2022-05-09,119.177677,122.261308,117.733518,120.797520,1121531
2022-05-10,121.405400,124.329981,119.448937,122.358164,1091148
2022-05-11,121.860499,122.490442,121.477461,122.106630,806012
2022-05-12,121.202029,123.297972,119.579994,121.669678,933332
2022-05-13,120.876823,125.393494,118.851110,123.326725,1580605
2022-05-16,123.339290,124.743865,121.901868,123.306064,995091
2022-05-17,123.319407,125.070643,119.826660,121.552809,1303814
2022-05-18,121.502773,122.619107,118.936618,120.039508,1234390
2022-05-19,120.549636,121.938673,117.498224,118.867884,1290129
2022-05-20,117.755884,120.549377,117.106302,119.888033,982026
2022-05-23,120.054170,120.668553,119.739312,120.352912,575116
2022-05-24,121.010645,123.594443,119.102178,121.675491,1028118
2022-05-25,121.195210,122.207035,120.218374,121.229920,1058547
2022-05-26,121.068766,122.939584,119.836542,121.700925,759705
2022-05-27,121.380229,123.702443,120.596813,122.909158,1009997
2022-05-30,122.524427,123.400899,121.745157,122.621015,777536
2022-05-31,122.480992,124.945656,121.096387,123.548978,1250330
2022-06-01,124.166253,125.293893,121.563421,122.677541,1113530
2022-06-02,123.466462,125.134727,120.625001,122.277197,1023622
2022-06-03,122.133425,123.820106,120.156584,121.839202,1024680
2022-06-06,122.651590,124.280820,118.519818,120.115358,1117698
2022-06-07,120.130315,122.593260,118.574098,121.025448,1028743
2022-06-08,121.768292,123.998000,118.221004,120.426136,743985
2022-06-09,120.386811,121.505135,119.456267,120.573149,501767
2022-06-10,120.628457,122.878283,119.207422,121.447599,1014480
2022-06-13,121.602950,124.285127,119.592761,122.264010,1033921
2022-06-14,123.624318,125.733121,121.321034,123.426462,1237552
2022-06-15,123.794212,124.575718,122.579837,123.358593,1127705
2022-06-16,123.053228,124.376121,121.441332,122.761085,1210273
2022-06-17,123.177428,125.324717,120.564141,122.703162,689412
2022-06-20,122.547769,124.267398,118.413446,120.098709,1202695
2022-06-21,119.892845,121.425201,116.400412,117.907393,1285781
2022-06-22,118.282350,119.598746,114.643532,115.933789,1605044
2022-06-23,115.946403,117.159758,113.269159,114.467033,1346470
2022-06-24,114.578640,116.594267,113.071601,115.080626,1143108
2022-06-27,115.086259,116.351115,112.491429,113.741505,1009165
2022-06-28,113.875497,115.222608,111.843062,113.181969,794693
2022-06-29,113.350314,116.516064,111.954474,115.098693,1307058
2022-06-30,114.318395,115.610364,113.256638,114.546489,755372
2022-07-01,114.813727,117.253721,113.191579,115.620179,988884
2022-07-04,115.222785,117.948608,111.485530,114.186846,1070380
2022-07-05,113.610425,114.391828,113.054637,113.834941,1180153
2022-07-06,113.811669,115.324914,110.887981,112.382221,1036697
2022-07-07,112.415254,113.422409,110.822375,111.824235,531048
2022-07-08,111.552807,114.596252,109.956530,112.979559,1133421
2022-07-11,113.308173,114.688972,109.046136,110.391391,1176835
2022-07-12,109.872815,112.597836,108.219512,110.928646,950613
2022-07-13,110.770650,113.032774,108.920556,111.175911,878079
2022-07-14,110.948328,112.365103,108.810062,110.217505,969970
2022-07-15,110.199533,112.020934,106.270536,108.056517,1365153
2022-07-18,108.161983,108.445671,107.758901,108.042275,591948
2022-07-19,107.661142,109.637995,105.211433,107.179441,916302
2022-07-20,107.451140,108.901757,105.925799,107.375393,1001413
2022-07-21,107.399070,109.150897,105.520938,107.270670,764370
2022-07-22,106.560344,110.162225,105.801581,109.383361,951571
2022-07-25,108.633531,109.838297,107.690926,108.893438,1049982
2022-07-26,108.888742,110.258971,105.950026,107.300266,1324361
2022-07-27,107.217282,108.672209,105.937982,107.390837,858576
2022-07-28,107.351965,108.945007,105.942190,107.532856,542071
2022-07-29,107.522324,111.061509,105.765618,109.276149,1279279
2022-08-01,109.362418,110.833244,108.822264,110.288516,745159
2022-08-02,110.654318,112.413199,108.857165,110.615428,959414
2022-08-03,110.185259,113.900112,108.859386,112.545833,1031842
2022-08-04,112.084181,113.337829,109.387516,110.624840,983902
2022-08-05,110.201520,110.875461,108.841649,109.511370,969419
2022-08-08,109.622109,111.158155,106.488503,108.001846,1085764
2022-08-09,108.472445,108.726657,107.004125,107.255485,873843
2022-08-10,107.093563,108.656441,103.618784,105.153347,1330733
2022-08-11,104.232630,106.459619,103.603943,105.821349,895948
2022-08-12,105.190234,106.596866,103.905458,105.310619,1109671
2022-08-15,105.003573,106.213563,101.924501,103.112702,1303409
2022-08-16,102.911420,104.627793,99.864141,101.557940,1023590
2022-08-17,101.412777,102.916714,100.268295,101.768221,742567
2022-08-18,101.781963,103.622396,100.843183,102.675375,740588
2022-08-19,102.563344,106.210349,101.540420,105.161511,1359522
2022-08-22,105.547737,110.861734,103.743764,108.998778,1478937
2022-08-23,108.740880,110.910487,107.202720,109.363520,510971
2022-08-24,109.033448,110.173663,106.617885,107.744622,1045728
2022-08-25,107.925209,109.118238,103.428620,104.584722,1269254
2022-08-26,104.022606,105.334976,103.426422,104.734711,1145425
2022-08-29,104.877561,106.299061,102.020523,103.422298,803028
2022-08-30,103.459420,103.972655,102.147128,102.656379,747918
2022-08-31,102.603404,104.143192,100.111676,101.636961,1230619
2022-09-01,102.201957,103.480962,99.980420,101.247480,1154485
2022-09-02,101.026991,104.663629,98.850081,102.455929,951525
2022-09-05,103.194743,103.978967,101.684220,102.462882,743850
2022-09-06,102.382038,103.568579,100.869670,102.052391,1031958
2022-09-07,101.596262,103.546214,98.564923,100.493714,750376
2022-09-08,100.518307,102.203552,96.497393,98.142812,988818
2022-09-09,97.773122,98.674116,96.444994,97.342015,959833
2022-09-12,97.085894,98.347408,95.833887,97.095279,1162288
2022-09-13,97.230205,100.364473,96.062665,99.173597,1183215
2022-09-14,99.366443,100.670909,97.864497,99.166335,868567
2022-09-15,98.950392,101.191046,98.039526,100.268051,1255216
2022-09-16,100.614569,101.785996,98.293731,99.451618,1365398
2022-09-19,99.854524,100.414487,97.222573,97.770851,1079720
2022-09-20,98.262351,99.494609,95.189197,96.398076,1119066
2022-09-21,96.576696,97.909463,94.030335,95.346119,1370761
2022-09-22,95.801111,98.960383,94.738646,97.874919,1094624
2022-09-23,97.230628,97.769266,96.160350,96.696026,1257728
2022-09-26,96.588435,99.178016,95.047451,97.620566,859884
2022-09-27,97.324334,98.634135,95.056715,96.353449,1118670
2022-09-28,96.393657,98.289877,95.516866,97.403897,1017274
2022-09-29,97.209082,98.838127,96.151681,97.774575,760183
2022-09-30,97.717714,98.303758,96.879713,97.464238,744008
2022-10-03,98.106294,98.881173,96.539104,97.307675,927907
2022-10-04,97.249872,98.207662,95.436110,96.385386,1202382
2022-10-05,96.524978,98.492762,94.892385,96.854594,921334
2022-10-06,96.775857,97.689613,95.291094,96.199407,992450
2022-10-07,96.224900,97.626017,93.225465,94.602965,1268915
2022-10-10,94.604958,95.536508,92.060993,92.976508,1018324
2022-10-11,93.122400,94.334207,91.912574,93.124355,1006303
2022-10-12,93.504170,96.086995,92.435004,95.000717,1372917
2022-10-13,95.548480,97.028738,93.676536,95.150631,1322939
2022-10-14,95.253743,96.193017,94.027151,94.963563,823908
2022-10-17,95.159512,95.828049,94.616162,95.283988,836905
2022-10-18,94.900182,97.516659,94.285968,96.889569,1302072
2022-10-19,96.859769,98.107134,95.903522,97.148041,1040481
2022-10-20,97.467757,98.150397,95.943409,96.620113,863825
2022-10-21,96.912958,99.354248,95.590983,98.017210,1057542
2022-10-24,98.089805,99.569825,97.095476,98.570621,1050265
2022-10-25,98.876425,102.734441,96.750737,100.572295,1095918
2022-10-26,100.745046,101.343604,100.236370,100.834477,830277
2022-10-27,101.258090,102.555665,98.000181,99.272310,1165493
2022-10-28,99.372848,100.116971,96.829513,97.560061,1353896
2022-10-31,97.438604,100.723338,96.461646,99.723471,1169004
2022-11-01,99.840690,103.321977,98.586124,102.039778,978365
2022-11-02,100.993148,102.141685,100.720616,101.866796,556807
2022-11-03,102.003308,103.323976,100.120323,101.433615,717852
2022-11-04,100.138364,105.491210,98.174487,103.462148,1007555
2022-11-07,102.838052,103.885586,101.034338,102.074090,1083464
2022-11-08,102.235489,103.568561,99.674400,100.991248,852988
2022-11-09,101.160040,103.587440,99.531395,101.946139,911508
2022-11-10,101.531371,102.690854,100.379580,101.538977,795365
2022-11-11,101.285905,102.638538,100.305847,101.654909,797058
2022-11-14,102.142537,102.438449,101.275485,101.569738,1090945
2022-11-15,101.397668,103.643543,99.920916,102.155750,1073165
2022-11-16,102.957695,105.395346,101.768809,104.192204,1232332
2022-11-17,104.191504,105.303854,103.363258,104.473368,823450
2022-11-18,104.622569,106.839119,103.314119,105.519452,967949
2022-11-21,106.116593,107.142239,101.920805,102.915512,1386235
2022-11-22,102.962709,104.047772,101.944789,103.029195,970540
2022-11-23,102.667747,104.148747,100.617695,102.090366,871744
2022-11-24,102.051158,102.729438,100.005202,100.674331,1124808
2022-11-25,100.661783,102.291423,98.110828,99.725307,686767
2022-11-28,99.248959,100.130580,98.612847,99.492905,930859
2022-11-29,99.403818,101.836994,98.474472,100.893719,1248437
2022-11-30,100.631630,102.613247,97.424067,99.381057,1092891
2022-12-01,99.702580,101.348611,97.994361,99.639349,1208726
2022-12-02,99.651419,100.886142,98.008195,99.237792,777848
2022-12-05,99.139568,99.956268,98.228820,99.044739,924412
2022-12-06,99.007930,101.576161,98.029444,100.582117,1140118
2022-12-07,100.660664,102.781713,99.423232,101.533551,1014004
2022-12-08,101.752746,104.828095,100.516441,103.569714,1212405
2022-12-09,103.207324,104.828231,102.006350,103.622427,877993
2022-12-12,103.244666,104.470868,101.729956,102.952691,1118849
2022-12-13,103.350745,104.502331,101.774615,102.921417,1090058
2022-12-14,102.772883,104.165211,102.132393,103.520065,961150
2022-12-15,103.006715,105.070502,101.983451,104.037003,1084396
2022-12-16,104.198609,105.830202,101.249617,102.860254,949456
2022-12-19,103.027072,103.939430,102.354649,103.265451,1055819
2022-12-20,102.712206,105.028844,101.557539,103.861259,831098
2022-12-21,103.944679,108.557583,103.038179,107.619039,1718905
2022-12-22,107.896109,111.967127,106.553298,110.590780,1749639
2022-12-23,110.735693,111.892379,108.538765,109.684471,987494
2022-12-26,109.927086,111.895833,107.628292,109.591021,493659
2022-12-27,109.052387,110.581992,106.325633,107.838208,1066893
2022-12-28,107.963153,108.692206,106.601060,107.325808,1151013
2022-12-29,107.212132,109.670311,105.637731,108.083120,1079243
2022-12-30,107.900485,111.094004,106.940021,110.113838,1250280
2023-01-02,110.449348,111.519825,108.336502,109.396777,1147114
2023-01-03,109.963175,111.420767,107.348698,108.790750,1039186
2023-01-04,109.473988,110.572341,105.043848,106.108435,1537105
2023-01-05,106.596728,108.256591,104.543306,106.196943,1022336
2023-01-06,106.156156,107.101154,104.113977,105.049120,1317675
2023-01-09,105.178805,106.180550,103.638875,104.635445,986874
2023-01-10,104.916274,105.899813,102.780085,103.752716,1166817
2023-01-11,103.796720,104.940115,102.786005,103.928120,830272
2023-01-12,103.975686,105.680551,100.204753,101.875177,1131429
2023-01-13,102.168897,103.651897,98.784073,100.239061,1451504
2023-01-16,100.218263,105.294708,98.330173,103.347661,1474076
2023-01-17,103.083866,105.255902,99.773591,101.921128,1254126
2023-01-18,101.773276,102.574957,99.967365,100.761073,1091173
2023-01-19,100.984631,104.754681,99.744370,103.483727,1263028
2023-01-20,103.484811,108.548830,102.729869,107.762679,1631041
2023-01-23,107.890996,108.850101,105.476593,106.422645,1334754
2023-01-24,106.672236,107.683453,105.192006,106.198735,984894
2023-01-25,106.059408,107.784733,105.235180,106.953556,695251
2023-01-26,107.236648,110.523820,106.401012,109.669228,1295603
2023-01-27,109.814644,111.069041,107.308572,108.548507,1350522
2023-01-30,108.079377,109.248803,107.308433,108.475037,826675
2023-01-31,109.022626,111.535218,107.347111,109.847034,785625
2023-02-01,109.654515,111.658838,108.741204,110.736515,1326912
2023-02-02,110.095037,113.023557,107.536618,110.456733,1014656
2023-02-03,110.052720,111.645936,108.930792,110.519252,848979
2023-02-06,110.124294,111.477509,107.468807,108.805821,1087338
2023-02-07,108.825690,109.567732,107.966021,108.707256,1051428
2023-02-08,108.603063,110.647446,106.518743,108.562361,783512
2023-02-09,108.434376,110.913806,106.647594,109.115795,1142990
2023-02-10,109.352463,110.794566,107.116534,108.548028,1042499
2023-02-13,108.677153,110.150763,107.958494,109.427144,1046716
2023-02-14,109.548189,112.511304,108.141298,111.084681,1163849
2023-02-15,111.244020,112.347728,110.408102,111.509813,893713
2023-02-16,111.750281,114.217650,109.755603,112.214683,1148937
2023-02-17,111.386781,114.192194,109.689605,112.478385,748031
2023-02-20,112.334915,114.051552,110.944012,112.656665,604730
2023-02-21,111.797012,112.049058,111.521276,111.773268,1105847
2023-02-22,111.787375,113.301534,110.885661,112.394919,1063970
2023-02-23,112.393097,114.063137,110.735181,112.405045,933373
2023-02-24,112.816376,117.602217,110.915247,115.653281,1467159
2023-02-27,116.134020,120.127202,114.225162,118.184639,1211881
2023-02-28,118.268517,119.581513,117.602434,118.911807,1101833
2023-03-01,118.703561,120.271186,116.303782,117.860270,1013069
2023-03-02,118.060404,119.956697,114.411565,116.279250,1026905
2023-03-03,116.064399,118.831465,115.441521,118.197142,1111580
2023-03-06,118.196565,120.116151,116.781944,118.695557,1274431
2023-03-07,119.105232,121.088744,117.545505,119.523539,688736
2023-03-08,119.290205,120.578175,115.654206,116.916547,1359059
2023-03-09,117.246238,118.942663,116.707919,118.399052,806865
2023-03-10,118.679765,120.430037,117.410222,119.155407,954059
2023-03-13,118.757217,120.026824,116.235911,117.491991,1046637
2023-03-14,117.892478,119.237361,115.475817,116.808333,607771
2023-03-15,117.093927,118.376801,115.952717,117.234223,986125
2023-03-16,117.276045,118.529316,116.076552,117.329278,800980
2023-03-17,117.016228,118.401837,115.505752,116.889866,565292
2023-03-20,116.538352,118.335864,114.933640,116.728533,1019287
2023-03-21,116.508871,117.765104,115.078822,116.333160,1159199
2023-03-22,116.554086,117.761750,115.333521,116.541050,1137656
2023-03-23,116.151256,120.227841,114.714533,118.758863,1273552
2023-03-24,118.940718,119.454106,114.325055,114.820660,1506362
2023-03-27,114.321633,116.009177,112.731631,114.417837,1143372
2023-03-28,114.336116,115.997111,112.964340,114.621906,1170273
2023-03-29,114.665894,116.394274,113.271697,114.996063,1105379
2023-03-30,115.980194,117.817661,112.553555,114.365439,795688
2023-03-31,113.814129,114.290866,111.232885,111.700771,1337600
2023-04-03,112.276259,112.737115,111.627110,112.087190,991130
2023-04-04,112.145974,116.031437,110.677398,114.531621,957248
2023-04-05,114.696444,116.069536,110.820929,112.163701,1331552
2023-04-06,112.210161,114.751704,110.787257,113.314792,1432761
2023-04-07,113.491172,114.643277,111.565243,112.709412,1061804
2023-04-10,112.648785,114.299925,110.841256,112.490070,1137941
2023-04-11,113.062551,114.841088,109.082872,110.826230,1167662
2023-04-12,110.649169,112.191168,108.669008,110.204814,945686
2023-04-13,110.641536,113.160144,109.429271,111.933721,1214169
2023-04-14,111.681279,113.029946,111.282661,112.627950,830213
2023-04-17,112.604198,116.760822,110.906471,115.026573,1091413
2023-04-18,114.595008,118.595139,112.659852,116.625691,1330780
2023-04-19,116.811427,118.818816,115.108523,117.111537,1163244
2023-04-20,117.703880,120.619854,116.705583,119.605429,1086732
2023-04-21,119.573046,121.856874,117.815899,120.092099,1092650
2023-04-24,120.009344,123.058088,118.156145,121.186709,1009706
2023-04-25,120.713940,122.915191,118.313894,120.511452,1015222
2023-04-26,120.414739,121.437730,119.379375,120.402260,945670
2023-04-27,119.731044,121.059361,117.778660,119.099976,1228175
2023-04-28,118.719443,122.224900,116.939947,120.419916,1076017
2023-05-01,120.515499,121.989360,116.919671,118.367260,1420358
2023-05-02,118.913708,120.248575,118.018205,119.349789,1061570
2023-05-03,120.523264,122.169427,117.201735,118.824698,1040906
2023-05-04,118.580745,122.135826,116.883304,120.412169,963563
2023-05-05,121.017065,122.852173,119.522280,121.353236,1366684
2023-05-08,121.456766,125.609151,119.892605,124.012081,1346666
2023-05-09,123.946433,126.314338,122.587339,124.944301,1115230
2023-05-10,125.133477,127.375008,119.980802,122.169233,1008547
2023-05-11,122.195708,123.221814,120.791914,121.814821,766010
2023-05-12,121.861889,123.037943,118.572639,119.728101,1392723
2023-05-15,119.556989,120.996927,117.251481,118.680866,1067719
2023-05-16,118.100115,122.661788,116.267695,120.787668,863044
2023-05-17,120.135090,122.274108,119.413017,121.543569,1146482
2023-05-18,121.821461,122.644829,119.385635,120.198031,971637
2023-05-19,120.081625,120.543829,117.927001,118.382666,1382584
2023-05-22,118.135683,119.626583,116.702605,118.192812,865934
2023-05-23,118.196330,119.085968,115.229655,116.103540,1227779
2023-05-24,116.426571,117.644602,113.662703,114.864392,1256771
2023-05-25,114.936903,116.787886,113.253593,115.102156,737192
2023-05-26,114.837859,117.714255,113.754498,116.614138,932187
2023-05-29,117.114648,118.828412,115.600927,117.312138,931359
2023-05-30,117.960540,119.234826,112.423042,113.650771,1600387
2023-05-31,113.847495,115.558314,112.175251,113.885511,663430
2023-06-01,114.273613,115.862074,112.198418,113.780019,584256
2023-06-02,114.274605,115.329618,113.130501,114.184684,1058307
2023-06-05,114.636324,117.718324,113.338023,116.400048,1117028
2023-06-06,116.650232,118.537046,111.290793,113.120515,1332921
2023-06-07,113.357413,114.896071,110.540961,112.062036,715133
2023-06-08,112.265856,113.460185,111.545990,112.737296,850106
2023-06-09,112.304308,113.946475,108.650912,110.263234,1275440
2023-06-12,110.533658,113.081473,109.686798,112.221680,1346735
2023-06-13,111.689149,114.574913,109.717830,112.587734,781517
2023-06-14,112.274616,115.494895,110.467400,113.665294,1314933
2023-06-15,114.183889,115.686497,111.181348,112.663955,903790
2023-06-16,112.995273,115.142217,111.568264,113.706228,910964
2023-06-19,114.298171,116.430914,113.022161,115.145445,1353233
2023-06-20,115.035958,117.047300,113.343308,115.350029,920086
2023-06-21,114.884837,116.779793,113.676606,115.564415,791864
2023-06-22,115.467164,117.339931,113.972756,115.840689,869547
2023-06-23,115.882057,117.676808,112.654120,114.426325,1316267
2023-06-26,114.457959,115.574242,112.980874,114.093603,1155254
2023-06-27,114.546313,115.638538,112.677532,113.762281,767072
2023-06-28,113.618435,115.058027,112.797821,114.232975,922190
2023-06-29,114.373723,116.532075,113.488230,115.636803,1100216
2023-06-30,115.236677,115.776724,113.441294,113.975431,960635
2023-07-03,114.155069,115.858184,112.021410,113.718005,884017
2023-07-04,113.719242,118.093083,111.531778,115.864356,1210490
2023-07-05,115.560288,117.605857,112.663987,114.694225,1239037
2023-07-06,114.599557,115.229357,112.805317,113.428683,1268635
2023-07-07,113.355565,115.384069,111.666633,113.690152,838313
2023-07-10,113.582653,116.949196,111.573555,114.916504,1019955
2023-07-11,115.628951,116.805217,113.745307,114.914303,963298
2023-07-12,114.874708,118.357049,113.449597,116.906728,1081090
2023-07-13,116.806932,118.684671,116.343393,118.215542,1164168
2023-07-14,117.347712,121.087383,115.814336,119.525549,1046990
2023-07-17,119.151467,121.341510,118.228548,120.408851,826796
2023-07-18,120.297984,125.726895,118.758345,124.138109,1273908
2023-07-19,123.840117,124.560499,123.127394,123.847732,1141036
2023-07-20,124.446657,126.210244,119.002278,120.712954,1316435
2023-07-21,120.643268,125.302675,118.701147,123.317504,1539378
2023-07-24,123.873611,124.972033,121.568783,122.656412,866053
2023-07-25,122.682901,123.825335,121.768630,122.909376,939125
2023-07-26,122.925391,125.534711,122.510406,125.112343,1598385
2023-07-27,125.073460,126.441056,121.293258,122.634183,1054980
2023-07-28,122.635812,123.822145,119.595932,120.764160,822876
2023-07-31,121.490650,122.194801,117.706811,118.393007,1450064
2023-08-01,117.431817,119.053795,115.682022,117.302208,887444
2023-08-02,116.480458,119.314789,115.292344,118.110052,978466
2023-08-03,117.885513,119.980155,116.978142,119.063714,905046
2023-08-04,119.069769,120.818648,117.905063,119.648283,989774
2023-08-07,119.937278,121.890482,115.717869,117.633557,1014988
2023-08-08,117.828336,119.526448,112.672671,114.320225,1368849
2023-08-09,114.166480,115.892223,112.855861,114.576893,969596
2023-08-10,114.985549,116.650128,112.408687,114.059866,765562
2023-08-11,114.471130,115.781910,113.629040,114.936398,878206
2023-08-14,115.010440,117.603166,113.615423,116.193796,1000186
2023-08-15,116.585287,118.083579,115.117562,116.615473,676765
2023-08-16,116.726754,119.191040,115.545403,117.996835,1004623
2023-08-17,117.764948,120.210821,116.146642,118.581296,965214
2023-08-18,118.870914,120.705701,117.815547,119.643475,953567
2023-08-21,119.689794,121.370153,117.132658,118.800533,939835
2023-08-22,118.801090,120.488949,117.091287,118.778830,850130
2023-08-23,119.391175,119.430736,119.307251,119.346798,830261
2023-08-24,118.323034,122.927282,116.339796,120.900836,1216272
2023-08-25,120.300939,120.586684,120.278018,120.563713,1147815
2023-08-28,120.062801,122.832840,118.917906,121.672594,947121
2023-08-29,121.517898,123.505177,119.561290,121.548084,952173
2023-08-30,121.439769,122.969610,120.136617,121.664051,827604
2023-08-31,121.022195,124.051011,120.279693,123.294567,1168148
2023-09-01,122.869441,123.806327,119.532271,120.450714,1564946
2023-09-04,120.087802,122.022131,116.835218,118.747965,1210267
2023-09-05,119.769315,120.285997,116.287861,116.791699,867968
2023-09-06,117.528199,119.469290,111.731209,113.607547,1458757
2023-09-07,113.443825,114.780147,111.587976,112.918106,1176647
2023-09-08,112.774413,115.165824,111.959006,114.339105,1052825
2023-09-11,113.879208,115.339470,112.778276,114.235098,1036759
2023-09-12,113.472184,115.763672,112.572224,114.852763,836380
2023-09-13,114.805779,118.629304,113.030319,116.822653,924497
2023-09-14,116.414652,120.977535,114.676615,119.197944,1261085
2023-09-15,119.162545,120.047236,118.552033,119.435326,589659
2023-09-18,118.766403,123.175361,117.532938,121.909256,1203507
2023-09-19,121.584135,123.458514,120.544924,122.412225,1147942
2023-09-20,122.475903,124.579309,119.356645,121.442300,678321
2023-09-21,121.597957,122.400455,120.064677,120.862320,724547
2023-09-22,121.038919,123.268082,116.718204,118.908125,988034
2023-09-25,118.358565,119.763105,116.491341,117.890324,1004551
2023-09-26,118.242981,119.112335,116.824284,117.689569,820604
2023-09-27,117.359951,120.384720,116.269571,119.276533,1345434
2023-09-28,119.540731,123.410019,118.489547,122.334269,1499020
2023-09-29,122.329714,123.173976,119.677211,120.508907,1223303
2023-10-02,119.928372,122.984461,118.443742,121.480615,1029200
2023-10-03,121.346174,122.206317,119.345789,120.197791,1121004
2023-10-04,120.351497,121.690129,119.956920,121.292467,877811
2023-10-05,121.552686,122.826715,120.161933,121.434726,1018268
2023-10-06,121.374803,121.956016,118.348059,118.917504,1063777
2023-10-09,119.555048,121.787763,118.480086,120.702484,1278527
2023-10-10,121.128115,122.141181,119.088757,120.093167,1148969
2023-10-11,119.985288,121.006979,118.575555,119.593914,965960
2023-10-12,119.907899,122.306518,115.900431,118.266211,1034733
2023-10-13,119.066669,120.522336,116.145062,117.582585,1029537
2023-10-16,118.389401,120.093793,116.852531,118.554776,521891
2023-10-17,118.045227,119.155526,117.467466,118.575171,904692
2023-10-18,118.190647,120.512140,117.081529,119.391750,962710
2023-10-19,120.012254,121.807325,118.468752,120.260628,980839
2023-10-20,119.815185,123.618526,118.868419,122.649365,1348347
2023-10-23,122.081634,124.317108,120.173223,122.403664,875853
2023-10-24,122.195372,123.073860,119.499227,120.364554,979227
2023-10-25,120.541585,123.660735,119.233162,122.332869,1137898
2023-10-26,122.289026,123.469824,120.907433,122.086273,900289
2023-10-27,121.808286,125.716546,120.266524,124.145205,1191153
2023-10-30,123.852255,126.217239,122.683332,125.037134,1015197
2023-10-31,124.725394,126.453801,123.363838,125.088284,1034558
2023-11-01,124.703227,127.306737,123.324573,125.914690,792006
2023-11-02,126.920209,130.578604,125.770001,129.405869,1405814
2023-11-03,129.540618,135.059855,127.734773,133.202956,1625446
2023-11-06,133.616372,135.347179,131.839999,133.570208,608064
2023-11-07,133.341566,135.648859,131.788731,134.087339,954850
2023-11-08,134.000068,137.609325,132.622793,136.209343,1052440
2023-11-09,135.869168,137.932501,132.891721,134.940958,966896
2023-11-10,133.688574,137.239463,132.210424,135.738647,809529
2023-11-13,135.083975,137.359238,133.628687,135.895210,843345
2023-11-14,135.034019,138.340754,133.357064,136.643807,1268658
2023-11-15,135.567841,138.114665,132.809283,135.352053,817708
2023-11-16,134.785773,135.680559,131.869288,132.750562,1024383
2023-11-17,133.366172,135.377258,127.422294,129.373168,1124265
2023-11-20,129.353047,129.925733,127.082407,127.647543,1401894
2023-11-21,128.224123,129.874251,125.383201,127.017805,866510
2023-11-22,127.200513,129.528324,124.335275,126.653068,900943
2023-11-23,126.999965,131.808186,125.227722,129.994160,1282256
2023-11-24,129.584270,133.652317,127.940818,131.978500,980785
2023-11-27,132.220526,133.510760,129.155178,130.427920,1037299
2023-11-28,130.760577,132.687689,129.175211,131.098230,1366481
2023-11-29,130.833639,132.271729,129.040341,130.474483,1178368
2023-11-30,130.730004,131.887761,128.898465,130.050202,767638
2023-12-01,130.307917,131.824084,128.895314,130.410371,1013273
2023-12-04,130.159535,133.182595,128.494336,131.500244,868690
2023-12-05,130.983489,132.153319,129.776987,130.946488,629171
2023-12-06,130.403787,133.949546,129.259510,132.784380,1291353
2023-12-07,132.824583,133.695783,129.972948,130.831073,1332209
2023-12-08,130.980814,132.757293,129.060006,130.834501,1028333
2023-12-11,130.471587,137.228471,128.621331,135.309606,1416899
2023-12-12,135.322196,137.426800,133.572934,135.673004,873227
2023-12-13,135.943926,140.375060,133.787763,138.183378,1330037
2023-12-14,138.482361,140.192822,136.587612,138.295768,932189
2023-12-15,139.046933,141.170270,137.160338,139.280506,919529
2023-12-18,139.903011,141.751878,137.265419,139.103723,599182
2023-12-19,138.616232,140.325314,137.003593,138.711566,923650
2023-12-20,139.528931,140.907018,135.864080,137.219356,1241430
2023-12-21,136.964345,140.760601,134.107733,137.884792,739443
2023-12-22,138.389044,139.799532,134.865178,136.253905,1187405
2023-12-25,136.286327,138.596476,135.013891,137.314441,1055466
2023-12-26,137.116362,141.041794,135.232926,139.130689,1230222
2023-12-27,138.250418,141.466921,136.452137,139.650429,1069941
2023-12-28,139.566572,140.457124,138.091641,138.978439,824702
2023-12-29,138.219917,141.940774,135.940572,139.638043,666172
2024-01-01,140.110795,141.739333,137.293417,138.907975,860110
2024-01-02,139.645406,141.487543,138.590207,140.426442,1210231
2024-01-03,140.034766,142.381068,134.643384,136.937796,1241648
2024-01-04,137.082525,139.070592,134.175608,136.150153,842944
2024-01-05,135.804485,136.747217,131.558481,132.478122,1066156
2024-01-08,132.186710,134.712630,127.252738,129.731747,1550809
2024-01-09,130.083415,133.775743,128.179619,131.846149,1301273
2024-01-10,131.828366,134.767334,130.251802,133.174669,1173687
2024-01-11,133.985539,136.445631,129.297937,131.716365,1226258
2024-01-12,131.494052,133.155768,127.319482,128.949036,1356379
2024-01-15,129.400058,130.938323,122.385662,123.858045,1583101
2024-01-16,123.900274,125.059832,121.618215,122.767168,992285
2024-01-17,123.109102,128.273332,121.345269,126.461468,1347469
2024-01-18,126.263549,128.708559,124.507676,126.943234,1371028
2024-01-19,126.921215,128.451722,124.269321,125.786141,1120598
2024-01-22,125.735293,127.423906,124.623786,126.307342,850673
2024-01-23,125.937742,127.514447,121.983996,123.530564,1356626
2024-01-24,123.816819,125.268052,121.373536,122.813003,790185
2024-01-25,123.092510,123.913057,121.910414,122.728535,1118997
2024-01-26,122.983496,123.735263,121.598520,122.346393,797591
2024-01-29,123.004541,125.121103,121.250421,123.361887,1094144
2024-01-30,123.987665,124.185109,123.467962,123.664891,1078393
2024-01-31,123.502605,126.086323,121.919099,124.490155,1043319
2024-02-01,124.652700,125.910155,121.887050,123.129135,1077463
2024-02-02,122.860393,126.462147,120.743142,124.319747,1036897
2024-02-05,124.329909,127.990909,123.083362,126.720394,1208216
2024-02-06,126.454392,128.305424,123.048204,124.876133,1033898
2024-02-07,125.584211,126.891837,121.908472,123.191181,1034835
2024-02-08,123.347996,126.651937,121.811698,125.093893,1396283
2024-02-09,124.998434,126.866829,122.668843,124.530240,918395
2024-02-12,125.050485,127.852922,123.781251,126.568283,1028595
2024-02-13,125.606724,127.614701,123.582911,125.590631,911350
2024-02-14,124.705297,128.760333,123.704511,127.735231,1362678
2024-02-15,128.091030,129.779061,126.019886,127.702801,969736
2024-02-16,127.729828,129.890428,125.725675,127.883859,972502
2024-02-19,127.995957,132.169263,126.122077,130.262205,1160584
2024-02-20,129.657478,132.207293,126.861828,129.406711,1074186
2024-02-21,129.396188,130.553798,126.454677,127.596184,1011552
2024-02-22,128.490924,129.323983,125.802460,126.623411,953040
2024-02-23,126.988681,128.162973,125.969894,127.142948,1093609
2024-02-26,127.218468,129.081171,122.542743,124.363647,1423668
2024-02-27,124.172539,126.936302,122.435155,125.184756,809629
2024-02-28,125.011875,126.563151,122.564443,124.104459,871235
2024-02-29,123.179608,126.710873,122.254755,125.766596,1124329
2024-03-01,125.880005,127.776698,119.887137,121.721167,1772190
2024-03-04,122.081363,122.948285,119.445682,120.299954,750213
2024-03-05,119.636540,121.626789,115.563650,117.518667,1347145
2024-03-06,117.246616,119.993675,113.378878,116.099050,849793
2024-03-07,115.628718,117.881909,114.071685,116.315625,778004
2024-03-08,115.922626,117.584080,114.233420,115.894470,857804
2024-03-11,115.916164,117.078636,114.213556,115.370556,865645
2024-03-12,114.528881,115.544186,113.983821,114.996899,821640
2024-03-13,115.244136,116.349227,114.068980,115.173392,880717
2024-03-14,115.477276,116.358185,112.688291,113.554532,1031229
2024-03-15,113.454734,115.202094,112.749955,114.490879,759305
2024-03-18,113.496814,117.556034,111.352923,115.376634,1130784
2024-03-19,114.974262,117.375301,113.469082,115.858544,1058145
2024-03-20,116.358492,118.186964,114.785471,116.610536,1117756
2024-03-21,115.476734,118.238945,114.233753,116.979785,648873
2024-03-22,116.837498,121.399271,115.516240,120.041777,1397714
2024-03-25,119.546004,121.741499,117.650219,119.841035,997102
2024-03-26,120.178507,121.605104,117.891876,119.308142,760399
2024-03-27,119.026229,120.707209,116.431568,118.099460,1047375
2024-03-28,118.266434,119.592908,115.182830,116.489373,1094217
2024-03-29,116.719919,117.960813,113.375536,114.593828,1478668
2024-04-01,115.330298,116.065222,112.538944,113.260680,1402200
2024-04-02,113.180231,113.643026,112.686480,113.149147,586006
2024-04-03,113.298069,114.888509,112.057030,113.643685,1357836
2024-04-04,113.053000,115.120818,111.670815,113.730352,709072
2024-04-05,114.204204,114.987129,111.852309,112.624403,1204636
2024-04-08,112.324622,115.332129,110.992216,113.980086,1245087
2024-04-09,113.756384,116.527014,112.366848,115.120812,872240
2024-04-10,115.111848,115.500461,114.543447,114.931452,965514
2024-04-11,114.302766,115.255994,113.067605,114.018462,985094
2024-04-12,114.109756,116.468694,112.554547,114.902679,1092796
2024-04-15,115.291754,116.853754,113.700391,115.261988,949257
2024-04-16,115.380162,116.232279,112.362539,113.198544,1400770
2024-04-17,112.569031,114.624076,111.146857,113.194006,863589
2024-04-18,113.144956,115.514591,111.324495,113.685434,904770
2024-04-19,113.980687,115.702740,110.777391,112.476722,1241889
2024-04-22,111.737417,114.188884,110.439156,112.877378,1017048
2024-04-23,112.452769,113.591701,109.768937,110.892062,1315654
2024-04-24,111.232268,114.047259,110.177495,112.975951,1095052
2024-04-25,113.082751,116.570930,111.514148,114.976065,1009786
2024-04-26,115.141849,116.613409,113.293474,114.760156,789634
2024-04-29,115.507042,117.183929,113.797975,115.474388,863776
2024-04-30,115.663758,117.112735,110.682738,112.086906,1556235
2024-05-01,112.344998,114.061075,108.905208,110.594546,1273682
2024-05-02,111.643824,113.025793,108.994512,110.360596,864351
2024-05-03,110.278012,111.947484,107.375683,109.026204,1327196
2024-05-06,108.721739,111.953406,107.038369,110.246429,1296676
2024-05-07,110.411499,114.358422,109.441877,113.362881,1427453
2024-05-08,113.537060,114.078339,111.329797,111.863096,966399
2024-05-09,111.656876,113.686124,108.863015,110.878111,1287896
2024-05-10,110.477465,112.904333,109.038315,111.452483,938989
2024-05-13,112.353515,114.644857,111.775787,114.058363,1315908
2024-05-14,114.188840,115.233065,111.481599,112.510476,1055035
2024-05-15,112.222112,114.840373,110.528961,113.133472,804927
2024-05-16,113.496151,117.378962,112.261166,116.115475,1100656
2024-05-17,116.071118,117.226229,112.787341,113.921055,1324500
2024-05-20,113.820226,115.823863,110.336653,112.313772,990076
2024-05-21,112.534800,113.413793,111.101235,111.975862,1428066
2024-05-22,111.469553,112.485579,110.487798,111.503524,746658
2024-05-23,111.641141,114.430625,110.207050,112.979344,889107
2024-05-24,113.735779,115.278243,112.091898,113.632968,1047660
2024-05-27,113.818374,115.410167,109.780386,111.337482,1502439
2024-05-28,111.190879,114.147807,109.451303,112.389479,1041833
2024-05-29,112.190003,113.625397,110.423639,111.854744,1038997
2024-05-30,111.694099,115.630634,110.135125,114.038931,908497
2024-05-31,113.937565,115.186681,112.185995,113.429542,837862
2024-06-03,113.279551,114.667315,111.431166,112.813217,772261
2024-06-04,113.175020,115.350321,111.768239,113.934105,717972
2024-06-05,113.242954,116.884991,111.786605,115.400890,1115883
2024-06-06,115.749055,118.168032,114.002383,116.411366,636375
2024-06-07,116.256667,117.909904,112.595743,114.220018,990681
2024-06-10,114.370710,116.763103,112.978033,115.358399,949393
2024-06-11,114.903372,115.910327,113.151691,114.152062,910842
2024-06-12,114.682893,116.248229,113.275655,114.839075,1032781
2024-06-13,115.339742,116.710892,111.721731,113.065850,1201207
2024-06-14,113.445589,115.516590,111.996580,114.059736,1170252
2024-06-17,113.455033,115.817859,110.845802,113.203388,1122833
2024-06-18,113.531895,114.656418,110.554009,111.659991,1307931
2024-06-19,111.818212,114.580237,110.287515,113.032912,1084685
2024-06-20,112.397842,115.572230,110.568697,113.721543,1018394
2024-06-21,113.711872,115.120990,111.745386,113.147511,1034274
2024-06-24,113.291873,118.107071,110.872935,115.638039,1292785
2024-06-25,115.863102,117.078256,114.100979,115.310336,837052
2024-06-26,115.381876,117.228427,113.847717,115.690169,856727
2024-06-27,115.808093,117.451668,114.788429,116.426558,833034
2024-06-28,117.027044,118.266817,114.592116,115.819092,1022276
2024-07-01,116.316085,118.375675,114.804472,116.857032,1005591
2024-07-02,115.684408,118.161404,113.904578,116.371010,817410
2024-07-03,116.241718,117.784987,114.525949,116.066897,787740
2024-07-04,116.000010,120.478770,114.023781,118.460621,1036807
2024-07-05,117.734179,119.102267,115.818783,117.180436,1225358
2024-07-08,117.219064,118.469946,112.645090,113.860129,1416138
2024-07-09,114.357772,119.229719,111.748592,116.570064,1155665
2024-07-10,116.126749,122.444047,114.550102,120.803898,1673531
2024-07-11,120.946133,122.049413,119.369514,120.468436,808200
2024-07-12,120.082288,121.189801,116.673744,117.759836,1048212
2024-07-15,117.482901,118.533240,116.516102,117.565758,1055328
2024-07-16,118.173677,120.034472,115.554066,117.402722,785381
2024-07-17,117.179780,118.617708,115.944413,117.380228,784172
2024-07-18,117.570119,119.040857,114.500099,115.950577,1092663
2024-07-19,115.191186,118.455303,113.838155,117.080085,1230666
2024-07-22,117.843226,119.891918,116.084301,118.128733,1024883
2024-07-23,118.377900,119.397491,115.092034,116.091937,980622
2024-07-24,116.017783,118.286509,115.124712,117.382929,1155133
2024-07-25,117.619387,122.344851,116.102427,120.787038,1317311
2024-07-26,120.191030,123.026478,118.459818,121.279587,1249207
2024-07-29,121.781546,123.404910,119.349661,120.962102,900218
2024-07-30,120.824937,122.003258,119.766247,120.943529,472997
2024-07-31,120.857146,123.908633,119.079344,122.112367,1095712
2024-08-01,121.902237,123.002351,118.501168,119.580327,1583530
2024-08-02,119.337307,121.202228,118.154215,120.012443,1187274
2024-08-05,120.304235,121.293639,118.587927,119.571304,1232081
2024-08-06,119.678400,124.749636,117.619377,122.639665,1163903
2024-08-07,122.919421,124.705893,120.733217,122.513794,1024814
2024-08-08,122.510023,127.151733,120.743431,125.344272,1166501
2024-08-09,125.569415,127.702694,121.590453,123.691834,1143338
2024-08-12,123.510506,127.664909,120.638813,124.764070,799584
2024-08-13,125.737736,126.386932,124.750486,125.397928,837896
2024-08-14,124.709775,125.837961,122.969973,124.092576,936273
2024-08-15,124.640231,125.828713,123.285636,124.472519,1061545
2024-08-16,125.068453,127.622395,123.993275,126.534612,1302102
2024-08-19,126.157216,127.127323,125.107376,126.076865,966754
2024-08-20,127.060574,128.433005,122.063098,123.395946,1033765
2024-08-21,123.825884,124.709206,122.539029,123.419452,800684
2024-08-22,123.838953,125.490986,120.393181,122.020961,942312
2024-08-23,122.032929,123.522559,120.026561,121.509806,1078573
2024-08-26,121.417423,123.108053,119.711189,121.401598,1067425
2024-08-27,121.312619,123.014746,117.083515,118.749681,1454322
2024-08-28,118.911995,120.625758,114.606255,116.282116,1125430
2024-08-29,116.852381,118.233459,115.624687,117.004171,503324
2024-08-30,117.078421,119.476723,113.813294,116.193468,683327
2024-09-02,115.822805,117.321288,110.902876,112.356513,1737439
2024-09-03,112.680717,113.989016,112.168013,113.472708,971890
2024-09-04,113.838547,114.748174,112.920520,113.830079,782847
2024-09-05,114.090899,114.665687,112.157208,112.725115,1316840
2024-09-06,113.019243,114.383311,109.414094,110.750783,1404880
2024-09-09,110.645764,113.178738,109.371923,111.890567,1051057
2024-09-10,111.526759,113.458493,110.397406,112.321096,873975
2024-09-11,111.979789,118.085226,109.735299,115.764869,1408301
2024-09-12,115.102217,117.951492,113.468234,116.300498,977391
2024-09-13,116.396948,118.521599,114.662122,116.781048,1201305
2024-09-16,116.746940,117.713103,115.449707,116.413108,982505
2024-09-17,116.233837,118.472619,115.303568,117.531961,1157370
2024-09-18,116.316132,119.796188,114.903214,118.358462,1183536
2024-09-19,117.841755,121.683074,116.346104,120.158025,941346
2024-09-20,120.629398,121.181248,118.652695,119.197996,1132592
2024-09-23,118.920719,120.261998,117.035574,118.370649,933868
2024-09-24,118.520042,119.948953,116.059126,117.475443,568254
2024-09-25,116.903644,119.841273,115.601407,118.521019,658615
2024-09-26,119.117828,121.729817,118.075972,120.674346,1023175
2024-09-27,120.613515,121.800576,118.594999,119.773796,1084359
2024-09-30,119.895383,121.249310,117.583706,118.926693,1005839
2024-10-01,119.894783,121.377067,117.745649,119.219585,928645
2024-10-02,119.852347,121.580518,116.930463,118.641169,1275189
2024-10-03,118.513870,121.870657,116.579318,119.913262,839353
2024-10-04,119.664289,120.959369,114.991909,116.250037,1441977
2024-10-07,116.117581,117.299121,113.633499,114.801648,1142860
2024-10-08,115.006529,116.587940,111.872782,113.432550,955554
2024-10-09,113.390775,115.028521,108.270839,109.857554,1470658
2024-10-10,109.705582,110.831512,107.173737,108.285089,855261
2024-10-11,108.841147,110.491350,105.180185,106.799433,1355354
2024-10-14,106.756741,108.456132,104.621456,106.313796,821771
2024-10-15,107.169469,109.499364,105.329718,107.651341,1435773
2024-10-16,107.685531,109.743755,105.049073,107.096029,943937
2024-10-17,107.765231,108.684936,104.558949,105.458971,1320998
2024-10-18,105.590860,106.863820,103.900606,105.168474,893985
2024-10-21,105.522930,107.678086,104.251894,106.396528,1068031
2024-10-22,106.126691,107.358579,103.624193,104.841158,1033917
2024-10-23,104.527876,105.510747,102.423489,103.395713,1137230
2024-10-24,103.562074,104.565642,102.934720,103.936024,1004292
2024-10-25,104.295636,105.585848,102.145448,103.424888,811482
2024-10-28,103.439461,105.014859,102.516100,104.085730,951228
2024-10-29,103.617097,105.136816,102.338050,103.854835,788991
2024-10-30,103.360392,105.516244,102.448358,104.593331,1377206
2024-10-31,104.070889,104.861970,102.203673,102.986512,1132472
2024-11-01,102.349367,104.092750,101.025254,102.763282,1154419
2024-11-04,102.802660,104.098353,100.988656,102.277732,907824
2024-11-05,102.680467,104.150556,99.036256,100.474766,1236105
2024-11-06,100.470048,102.554144,96.222388,98.260654,1053886
2024-11-07,97.483269,100.246124,96.205346,98.948986,908243
2024-11-08,98.882922,100.261382,96.940368,98.310854,1010214
2024-11-11,98.254836,99.010392,96.086294,96.830900,1411318
2024-11-12,97.541251,98.209640,95.869972,96.531441,947302
2024-11-13,96.039133,99.572437,94.278609,97.780001,1332373
2024-11-14,97.646299,98.457357,93.967913,94.754955,1563269
2024-11-15,95.320688,96.066498,92.042055,92.767892,1534227
2024-11-18,92.913994,94.014431,90.422490,91.506254,1103295
2024-11-19,91.686667,94.190828,90.619505,93.107132,1589866
2024-11-20,93.144473,94.082660,92.362993,93.299876,807252
2024-11-21,93.407619,95.102873,92.400675,94.088588,881586
2024-11-22,94.344662,95.940738,90.998771,92.564735,958301
2024-11-25,92.302480,93.112529,90.295350,91.094800,1554111
2024-11-26,91.374753,92.086514,90.787642,91.498607,1074364
2024-11-27,91.058910,92.887318,89.622877,91.445193,804429
2024-11-28,91.550289,93.266729,90.271406,91.981818,1174855
2024-11-29,92.039361,92.915385,90.773388,91.645664,1037317
2024-12-02,91.447982,92.392158,90.929350,91.871126,1231494
2024-12-03,91.863832,92.789106,91.035082,91.959493,605357
2024-12-04,91.759123,93.891853,90.678092,92.798576,979564
2024-12-05,92.450493,95.248366,90.910019,93.687283,954663
2024-12-06,93.571331,94.306210,90.933549,91.653364,936566
2024-12-09,91.299220,92.363944,87.904348,88.941578,1607832
2024-12-10,89.042063,91.363760,87.733093,90.040118,1040102
2024-12-11,89.677680,91.605769,89.455734,91.379611,1259719
2024-12-12,91.607322,93.085419,88.667120,90.121239,1517825
2024-12-13,89.748572,90.401061,87.283282,87.922496,1264952
2024-12-16,87.748231,89.169405,86.578724,87.996588,794603
2024-12-17,87.804217,90.191496,86.663928,89.035219,1095826
2024-12-18,89.448166,92.602785,87.986731,91.114131,1461695
2024-12-19,91.219460,93.011265,89.923806,91.708663,878735
2024-12-20,91.640701,91.868963,91.027649,91.254950,838114
2024-12-23,91.414237,92.224248,89.398165,90.197393,1253890
2024-12-24,89.532172,91.346494,88.408291,90.214053,917920
2024-12-25,90.200433,91.212489,88.865978,89.874376,574941
2024-12-26,90.502714,91.761647,87.479951,88.714002,891590
2024-12-27,88.755096,92.515757,87.409793,91.134391,1622854
2024-12-30,91.156053,94.655109,89.840324,93.308315,1371674
2024-12-31,93.487322,95.794870,92.445602,94.739200,1013093
